Event Name,Event Date,City,State
Laurie Berkner: The Greatest Hits Solo Tour,2025-05-03,San Francisco,CA
Stray Kids World Tour [dominATE SAN FRANCISCO],2025-05-28,San Francisco,CA
My Chemical Romance: The Black Parade,2025-07-19,San Francisco,CA
Cyndi Lauper: Girls Just Wanna Have Fun Farewell Tour,2024-11-26,San Francisco,CA
Shakira - Las Mujeres Ya No Lloran - World Tour,2025-06-30,San Francisco,CA
Tate McRae: Miss Possessive Tour,2025-09-24,San Francisco,CA
ZAYN: Stairway To The Sky Tour,2025-02-03,San Francisco,CA
Dua Lipa - Radical Optimism Tour,2025-10-11,San Francisco,CA
Dua Lipa - Radical Optimism Tour,2025-10-12,San Francisco,CA
Kylie Minogue - Tension Tour,2025-04-22,San Francisco,CA
Post Malone Presents: The BIG ASS Stadium Tour,2025-07-01,San Francisco,CA
NICK CAVE & THE BAD SEEDS: THE WILD GOD TOUR,2025-05-14,San Francisco,CA
"Tyler, The Creator - CHROMAKOPIA: THE WORLD TOUR",2025-03-05,San Francisco,CA
LIVE 105 Presents: JACK WHITE - No Name Tour,2025-05-17,San Francisco,CA
"Green-182, Day Traitor, Total Dysfunction",2025-01-24,San Francisco,CA
JoJo w/ Emmy Meli,2025-03-05,San Francisco,CA
Johnnyswim,2025-03-29,San Francisco,CA
FINNEAS - For Cryin' Out Loud!: The Tour,2025-03-04,San Francisco,CA
Nathaniel Rateliff & The Night Sweats: South of Here Tour,2025-02-22,San Francisco,CA
"Felicity, Local by Laws",2024-12-09,San Francisco,CA
Jamie XX,2025-01-25,Daly City,CA
Rezz,2025-03-01,Daly City,CA
Lane 8 w/ Ashibah,2025-03-08,Daly City,CA
Lord Mayor's Christmas Carols,2024-12-07,Brisbane,QLD
Sweet,2024-11-27,Brisbane,QLD
The Church - The ALREADY YESTERDAY Tour,2024-11-29,Brisbane,QLD
Waxahatchee,2024-12-01,Brisbane,QLD
The Gaslight Anthem,2024-12-02,Brisbane,QLD
Jack White - No Name Tour,2024-12-05,Brisbane,QLD
Hot Potato Band,2024-12-05,Brisbane,QLD
Sleeping With Sirens,2024-12-10,Brisbane,QLD
Two Door Cinema Club & Declan McKenna,2024-12-13,Brisbane,QLD
Chase Atlantic Live in Australia,2024-12-15,Brisbane,QLD
Furnace and the Fundamentals 'A Very Furnace Christmas',2024-12-21,Brisbane,QLD
Sugababes - Australia 2025,2025-01-05,Brisbane,QLD
Natalie Jane - Sick To My Stomach Tour,2025-01-08,Brisbane,QLD
FINNEAS - For Cryin' Out Loud! : The Tour ,2025-01-09,Brisbane,QLD
Rufus Wainwright,2025-01-14,Brisbane,QLD
Alec Benjamin - 12 Notes Tour,2025-01-19,Brisbane,QLD
THE DRIVER ERA: Obsession Tour,2025-01-21,Brisbane,QLD
Benson Boone - Relocated to Riverstage on 22 January 2025,2025-01-22,Brisbane,QLD
Benson Boone,2025-01-22,Brisbane,QLD
Andy and the Odd Socks,2025-01-22,Brisbane,QLD
