Event Name,Event Date,City,State
Laurie Berkner: The Greatest Hits Solo Tour,2025-05-03,San Francisco,CA
My Chemical Romance: The Black Parade,2025-07-19,San Francisco,CA
Shakira - Las Mujeres Ya No Lloran - World Tour,2025-06-30,San Francisco,CA
Cyndi Lauper: Girls Just Wanna Have Fun Farewell Tour,2024-11-26,San Francisco,CA
Dua Lipa - Radical Optimism Tour,2025-10-11,San Francisco,CA
Tate McRae: Miss Possessive Tour,2025-09-24,San Francisco,CA
Dua Lipa - Radical Optimism Tour,2025-10-12,San Francisco,CA
ZAYN: Stairway To The Sky Tour,2025-02-03,San Francisco,CA
Nick Cannon Presents: MTV Wild 'N Out Live!,2024-11-23,San Francisco,CA
JACK WHITE - No Name Tour,2025-05-17,San Francisco,CA
Kylie Minogue - Tension Tour,2025-04-22,San Francisco,CA
AURORA - What Happened To The Earth? Part 2 Tour,2024-11-23,San Francisco,CA
"Tyler, The Creator - CHROMAKOPIA: THE WORLD TOUR",2025-03-05,San Francisco,CA
Rainbow Kitten Surprise: Love Hate Music Box Tour,2024-11-25,San Francisco,CA
NICK CAVE & THE BAD SEEDS: THE WILD GOD TOUR,2025-05-14,San Francisco,CA
"Green-182, Day Traitor, Total Dysfunction",2025-01-24,San Francisco,CA
FINNEAS - For Cryin' Out Loud!: The Tour,2025-03-04,San Francisco,CA
Halsey,2024-11-21,San Francisco,CA
"LILYISTHATYOU, Earth To Emily, TARA",2024-11-24,San Francisco,CA
Johnnyswim,2025-03-29,San Francisco,CA
